order_id,customer_id,product_id,order_date,quantity,unit_price,order_status
5001,1001,2001,2026-06-01,1,79.99,COMPLETED
5002,1002,2003,2026-06-01,1,329.99,COMPLETED
5003,1003,2002,2026-06-02,2,49.99,COMPLETED
5004,1001,2005,2026-06-03,1,69.99,COMPLETED
5005,1005,2006,2026-06-03,1,249.99,COMPLETED
5006,1006,2004,2026-06-04,1,149.99,PENDING
5007,1007,2008,2026-06-05,1,139.99,COMPLETED
5008,1008,2001,2026-06-06,2,79.99,COMPLETED
5009,1009,2003,2026-06-07,1,329.99,CANCELLED
5010,1010,2006,2026-06-08,1,249.99,COMPLETED
5011,1002,2004,2026-06-09,1,149.99,COMPLETED
5012,1003,2005,2026-06-10,2,69.99,COMPLETED
5013,1004,2002,2026-06-11,1,49.99,COMPLETED
5014,1005,2008,2026-06-12,1,139.99,COMPLETED
5015,1001,2006,2026-06-13,1,249.99,PENDING
5016,1999,2001,2026-06-14,1,79.99,COMPLETED
5017,1008,2003,2026-06-15,0,329.99,COMPLETED
5018,1009,2004,2026-06-16,1,149.99,COMPLETED
5019,1010,2002,2026-06-17,3,49.99,COMPLETED
5020,1007,2005,2026-06-18,1,69.99,COMPLETED
